Location,Type,Coordinates,Latitude,Longitude,Description,Start_Date,End_Date,Results,Sources,Location_af_m,Type_af_m,Coordinates_af_m,Latitude_af_m,Longitude_af_m,Description_af_m,Start_Date_af_m,End_Date_af_m,Results_af_m,Sources_af_m,DP_Latitude,Dp_Longitude
Guam,Land Battle,"13.4506573,144.5086148",13.4506573,144.5086148,The batte of Guam,1941_12_08,1941_12_10,Japanese occupation of Guam,https://www.defense.gov/News/Feature-Stories/Story/article/1946563/battles-of-guam-from-defeat-to-victory/,New Guinea,Land Battle,"-8.88557, 147.7402",-8.88557,147.7402,The Kokoda Track campaign ,1942_07_21,1942_11_16,Allied victory,https://www.awm.gov.au/collection/E84663,24.78776,93.941
South China Sea,Air to sea attack,"3.84233, 104.458",3.84233,104.458,The sinking of the ships Prince of Wales and Repulse,1941_12_10,NA,The sinking of the ships Prince of Wales and Repulse,"Martin Middlebrook and Patrick Mahoney, Battleship : the loss of the Prince of Wales and the Repulse (London: Allen Lane, 1977).
",Tulagi,Land Battle,"-9.11836, 160.30426",-9.11836,160.30426,The Battle of Tulagi and Gavutu-Tanambogo,1942_08_07,1942_08_09,Allied forces retake Tulagi,"Francis Pike, Hirohito's war : the Pacific war, 1941-1945, Paperback ed. ed. (London, UK ;New York, NY, USA: Bloomsbury Publishing Plc, 2016). P. 456-457",19.7168,93.90626
Borneo,Land Battle ,"-0.81296, 114.06005",-0.81296,114.06005,Japanese invasion of Borneo,1941_12_08,1942_04_01,Japanese occupation of Borneo,https://www.history.navy.mil/content/history/museums/nmusn/explore/photography/wwii/wwii-pacific/us-entry-into-wwii-japanese-offensive/1941-december-8-1942-january-31-malayan-campaign.html,Savo Island,Naval Battle,"-9.11565, 159.7467",-9.11565, 159.7467,The first naval battle of the Solomon Sea,1942_08_08,1942_08_09,Inconclusive results ,https://www.history.navy.mil/content/history/museums/nmusn/explore/photography/wwii/wwii-pacific/wwii-pacific-guadalancanal/naval-battles/savo-island.html,13.7368,100.5606
Pearl Harbor,Naval Battle,"21.3451958,-157.946757",21.3451958,-157.946757,Surprise attack on Pear Harbor ,1941_12_07,NA,America get pulled into World War 2,https://www.history.navy.mil/content/history/museums/nmusn/explore/photography/wwii/wwii-pacific/chronological-list-naval-battles-land-campaigns/pacific-land-campaigns.html,Guadalcanal,Land Battle,"-9.42256, 160.06762",-9.42256,160.06762,The battle of Tenaru / Ilu River,1942_08_21,NA,Allied occupation of Guadalcanal,"Francis Pike, Hirohito's war : the Pacific war, 1941-1945, Paperback ed. ed. (London, UK ;New York, NY, USA: Bloomsbury Publishing Plc, 2016). P. 476-479",5.88102,95.30912
Thailand ,Land Invasion,"13.7368, 100.5606",13.7368,100.5606,The invasion Thailand ,1941_12_08,NA,"Thailand becomes a ""puppet"" of Japan",https://history.state.gov/historicaldocuments/frus1942v01/d808,Solomon Sea,Naval Battle,"-7.29708, 159.38415",-7.29708,159.38415,The second naval battle of the Solomon Sea,1942_08_24,NA,Allied naval forces drove back the Japanese navy,https://www.history.navy.mil/content/history/museums/nmusn/explore/photography/wwii/wwii-pacific/wwii-pacific-guadalancanal/naval-battles/eastern-solomons.html,-2.99103,104.7574
Hong Kong ,Land Battle ,"22.32033, 114.23905",22.32033,114.23905,Battle of Hong Kong ,1941_12_08,1941_12_25,Hong Kong is occupied by Japan,https://www.history.navy.mil/content/history/museums/nmusn/explore/photography/wwii/wwii-pacific/us-entry-into-wwii-japanese-offensive/1941-december-8-1942-january-31-malayan-campaign.html,New Guinea,Land Battle,"-10.21086, 150.25863",-10.21086,150.25863,Japanese marines attack Milne Bay,1942_08_25,1942_09_07,Japanese invasion stopped by Allied forces,https://www.awm.gov.au/collection/E84334,-5.86925,106.20514
Malaya Peninsula,Land Battle ,"6.26629, 100.42708",6.26629,100.42708,Battle of Malaya,1941_12_08,1942_01_31,The Japanese advance towards Singapore,https://www.history.navy.mil/content/history/museums/nmusn/explore/photography/wwii/wwii-pacific/us-entry-into-wwii-japanese-offensive/1941-december-8-1942-january-31-malayan-campaign.html,Guadalcanal,Land Battle,"-9.45354, 160.04720",-9.45354,160.04720,The battle of Edson's Ridge,1942_09_11,1942_09_14,Allied victory,https://www.history.navy.mil/research/library/online-reading-room/title-list-alphabetically/g/guadalcanal-campaign.html,-7.61452,110.71224
Wake Island,Land Battle,"19.2800231,166.6479689",19.2800231,166.6479689,The battle for Wake Island,1941_12_11,1941_12_23,Japanse occupation of Wake Island,https://www.history.navy.mil/content/history/museums/nmusn/explore/photography/wwii/wwii-pacific/us-entry-into-wwii-japanese-offensive/1941-december-11-attack-wake-island.html,Guadalcanal,Land Battle,"-9.43691, 159.95874",-9.43691,159.95874,Second battle of the Matanikau,1942_09_23,1942_09_27,Allied victory,https://www.history.navy.mil/research/library/online-reading-room/title-list-alphabetically/g/guadalcanal-campaign.html,-8.63577,115.41881
the Philippines,Land Battle ,"14.55965, 120.48568",14.55965,120.48568,Japanese attack on Bataan  ,1942_01_07,1942_04_09,Japan takes control of Bataan ,https://www.history.navy.mil/content/history/museums/nmusn/explore/photography/wwii/wwii-pacific/us-entry-into-wwii-japanese-offensive/1941-december-8-1942-may-6-philippines/1942-january-april-battle-for-bataan.html,Guadalcanal,Land Battle,"-9.43695, 159.96986",-9.43695,159.96986,Third battle of the Matanikau,1942_10_07,1942_10_09,Allied victory,https://www.history.navy.mil/research/library/online-reading-room/title-list-alphabetically/g/guadalcanal-campaign.html,-9.86279,124.33103
Borneo,Land Battle ,"3.37199, 117.62001",3.37199,117.62001,"Japanese Attack on Tarakan, Borneo",1942_01_11,1942_01_12,Japanese victory ,"Keat Gin Ooi, The Japanese occupation of Borneo, 1941-45, Routledge studies in the modern history of Asia ; 65, (Milton Park, Abingdon, Oxon ;: Routledge, 2011).",Guadalcanal,Land Battle,"-9.46032, 160.05432",-9.46032,160.05432,The battle for Henderson Field ,1942_10_23,1942_10_26,Inconclusive results ,https://www.history.navy.mil/research/library/online-reading-room/title-list-alphabetically/g/guadalcanal-campaign.html,-2.54319,140.715
Sulawesi,Land Battle ,"0.84042, 120.31677",0.84042,120.31677,"Japanese attack on Mando, Sulawesi",1942_01_11,1942_01_13,Japanese victory ,"Shigeru Sato, ""Indonesia 1939-1942: Prelude to the Japanese Occupation,"" Journal of Southeast Asian Studies 37, no. 2 (2006), http://www.jstor.org/stable/20072708.",East of the Solomon Islands,Naval Battle,"-9.34067, 165.54199",-9.34067,165.54199,The fourth carrier battle of the Pacific War,1942_10_25,1942_10_27,"Tactical victory for Japan, strategic victory for the allies",https://www.history.navy.mil/content/history/museums/nmusn/explore/photography/wwii/wwii-pacific/wwii-pacific-guadalancanal/naval-battles/santa-cruz-islands.html,-8.88557,147.7402
Myanmar,Land Battle ,"18.02052, 95.71289",18.02052,95.71289,Japanese attack on the British Raj through Myanmar,1942_01_15,1942_05_27,The Japanese put pressure on the British Raj,https://www.history.navy.mil/content/history/museums/nmusn/explore/photography/wwii/wwii-pacific/us-entry-into-wwii-japanese-offensive/1941-december-8-1942-january-31-malayan-campaign.html,Guadalcanal,Land Battle,"-9.43043, 159.95703",-9.43043,159.95703,Fourth Battle of the Matanikau,1942_11_01,1942_11_04,Allied victory,https://www.history.navy.mil/research/library/online-reading-room/title-list-alphabetically/g/guadalcanal-campaign.html,-6.72393,146.99089
New Britain,Land Battle ,"-4.20073, 152.16424",-4.20073,152.16424,Japanese attack on Rabaul ,1942_01_23,NA,Japanese takes control of Rabaul,http://kokodahistorical.com.au/history/rabaul-1942,Guadalcanal,Land Battle,"-9.42764, 159.95827",-9.42764,159.95827,Combat around the Koli Point near Honiara,1942_11_03,1942_11_12,Inconclusive results ,https://www.history.navy.mil/research/library/online-reading-room/title-list-alphabetically/g/guadalcanal-campaign.html,-9.49985,160.31112
Borneo,Land battle,"-1.26401, 116.86397",-1.26401,116.86397,Japanese attack on Balikpapan,1942_01_24,1942_01_24,"American surprise attack on the Japanese Invasion force, resulting in American victory",http://www.nww2m.com/2012/01/the-battle-of-balikpapan-23-24-january-1942/,Guadalcanal,Land Battle,"-9.49985, 160.31112",-9.49985,160.31112,Clashes between allied forces and japanese in the north west Guadalcanal,1942_11_06,1942_12_04,Allied victory,https://www.history.navy.mil/research/library/online-reading-room/title-list-alphabetically/g/guadalcanal-campaign.html,,
Ambon Island,Land battle,"-3.70119, 128.1655",-3.70119,128.1655,Japanese invasion of Ambon Island ,1942_01_29,NA,Japanese occupation of Ambon Island,https://anzacportal.dva.gov.au/wars-and-missions/world-war-ii-1939-1945/events/japanese-advance-december-1941-march-1942/fall-ambon,Guadalcanal,Naval Battle ,"-8.9095135,158.9440032",-8.9095135,158.9440032,Naval Battle for control over the Solomon Sea,1942_11_12,NA,Allied victory,https://www.history.navy.mil/content/history/museums/nmusn/explore/photography/wwii/wwii-pacific/wwii-pacific-guadalancanal/naval-battles/naval-battle-guadalcanal.html,,
Singapore,Land battle,"1.28895, 103.868",1.28895,103.868,Japanese conquest of Singapore,1942_01_31,1942_02_15,Japanese occupation of Singapore,https://eresources.nlb.gov.sg/infopedia/articles/SIP_2013-07-19_113523.html,Solomon Sea,Naval Battle,"-9.23631, 159.84695",-9.23631,159.84695,The decisive naval battle of the Guadalcanal campaign ,1942_11_12,1942_11_15,Allied victory,https://www.history.navy.mil/content/history/museums/nmusn/explore/photography/wwii/wwii-pacific/wwii-pacific-guadalancanal/naval-battles/naval-battle-guadalcanal.html,,
Makassar Straight ,Naval Battle,"-6.8937, 116.65283",-6.8937,116.65283,Naval battle of the Makassar Strait ,1942_02_04,NA,Japanese naval control of the Makassar Strait,https://www.history.navy.mil/content/history/museums/nmusn/explore/photography/wwii/wwii-pacific/us-entry-into-wwii-japanese-offensive/1942-January-15-abda-japanese-octopus/1942-february-4-battle-makassar-strait.html,New Guinea,Land Battle,"-8.67525, 148.41305",-8.67525,148.41305,Battle of Buna-Gona,1942_11_16,1943_01_22,Allied victory lead to and upper hand in the Guadalcanal Campaign,https://www.history.navy.mil/content/history/museums/nmusn/explore/photography/wwii/wwii-pacific/south-southwestern-pacific/papau-new-guinea-42-43.html,,
Sumatra ,Land battle,"-2.99103, 104.7574",-2.99103,104.7574,Battle of Palembang,1942_02_13,1942_02_15,Japanese invasion force takes control of Palambang,"Francis Pike, Hirohito's war : the Pacific war, 1941-1945, Paperback ed. ed. (London, UK ;New York, NY, USA: Bloomsbury Publishing Plc, 2016). P. 315-316",Iron Bottom Sound,Naval Battle,"-9.33592, 159.88575",-9.33592,159.88575,Night time naval battle in Iron Bottom Sound ,1942_11_29,1942_11_30,Japanese victory due to night-fighting tactics,https://www.history.navy.mil/content/history/museums/nmusn/explore/photography/wwii/wwii-pacific/wwii-pacific-guadalancanal/naval-battles/tassafaronga.html,,
Badung Strait ,Naval Battle,"-8.63577, 115.41881",-8.63577,115.41881,Naval battle for the control of the Badung Straight,1942_02_18,1942_02_20,Imperial Japanese Navy controls the Badung Straight,https://www.history.navy.mil/content/history/museums/nmusn/explore/photography/wwii/wwii-pacific/us-entry-into-wwii-japanese-offensive/1942-January-15-abda-japanese-octopus/1942-february-18-20-battle-of-badung-strait.html,Guadalcanal,Land Battle,"-9.43703, 159.9242",-9.43703,159.9242,The battle of the Gifu ,1942_12_17,1943_01_23,Allied forces recaptured Gifu,https://www.nationalww2museum.org/war/articles/guadalcanal-battle-mount-austen-1942,,
Australia,Air Attack,"-12.46133, 130.8419",-12.46133,130.8419,"The first bombing of Darwin, Australia. ",1942_02_19,NA,"Darwin, Australia is bombed for the first time",https://www.history.navy.mil/content/history/museums/nmusn/explore/photography/wwii/wwii-pacific/us-entry-into-wwii-japanese-offensive/1942-January-15-abda-japanese-octopus/1942-february-19-japanese-raid-darwin-australia.html,Myanmar,Land Battle,"19.7168, 93.90626",19.7168,93.90626,The Arakan Campaign ,1942_12_17,1943_05_11,Allied attempted reconquest of Myanmar resulting in Japanese victory,"Francis Pike, Hirohito's war : the Pacific war, 1941-1945, Paperback ed. ed. (London, UK ;New York, NY, USA: Bloomsbury Publishing Plc, 2016). P. 702-704",,
Timor,Land battle,"-9.86279, 124.33103",-9.86279,124.33103,Battle for control of Timor ,1942_02_19,1942_02_23,Imperial Japanese forces occupy Timor,https://www.awm.gov.au/articles/atwar/timor,Solomon Sea,Naval Battle,"-11.05982, 160.37841",-11.05982,160.37841,Battle of Rennell Island,1943_01_29,NA,Inconclusive results ,https://www.history.navy.mil/content/history/museums/nmusn/explore/photography/wwii/wwii-pacific/wwii-pacific-guadalancanal/naval-battles/renell-island.html,,
the Java Sea,Naval Battle,"-5.90018, 114.54345",-5.90018,114.54345,First battle for naval control in the Java Sea,1942_02_27,NA,Japanese victory ,https://www.history.navy.mil/content/history/museums/nmusn/explore/photography/wwii/wwii-pacific/us-entry-into-wwii-japanese-offensive/1942-January-15-abda-japanese-octopus/1942-february-27-battle-java-sea.html,New Guinea,Land Battle,"7.33814, 146.71569",7.33814,146.71569,Ballte of Wau,1943_01_30,1943_01_31,Allied victory,https://www.awm.gov.au/collection/E84351,,
Sunda Strait,naval Battle,"-5.86925, 106.20514",-5.86925,106.20514,Naval battle for control of the Sunda Strait ,1942_02_28,1942_03_01,Japanese victory ,https://www.history.navy.mil/content/history/museums/nmusn/explore/photography/wwii/wwii-pacific/us-entry-into-wwii-japanese-offensive/1942-January-15-abda-japanese-octopus/1942-february-28-march-1-battle-sunda-strait.html,Soloman Sea / Bismarck Sea,Naval Battle,"-6.7628, 148.63403",-6.7628,148.63403,Naval engagement east of New Guniea,1943_03_02,1943_03_05,Japanese convoy caught by allied planes sinking many convoys,https://www.history.navy.mil/content/history/museums/nmusn/explore/photography/wwii/wwii-pacific/south-southwestern-pacific/papau-new-guinea-42-43/bismarck-sea.html,,
Java,Land battle,"-7.61452, 110.71224",-7.61452,110.71224,Japanese invasion of Java,1942_02_28,1942_03_12,Japan occupies most of Java,"Francis Pike, Hirohito's war : the Pacific war, 1941-1945, Paperback ed. ed. (London, UK ;New York, NY, USA: Bloomsbury Publishing Plc, 2016). P. 322-329",Solomon Sea,Naval Battle,"-8.13536, 157.07977",-8.13536,157.07977,Battle of Blackett Strait,1943_03_06,NA,Allied victory,https://www.history.navy.mil/content/history/nhhc/about-us/leadership/director/directors-corner/h-grams/h-gram-020/h-020-2-central-solomons-campaign.html,,
Java Sea,Naval Battle,"-5.90018, 111.73095",-5.90018,111.73095,Second battle for control over the Java Sea,1942_03_01,NA,Inconclusive results,https://www.history.navy.mil/content/history/museums/nmusn/explore/photography/wwii/wwii-pacific/us-entry-into-wwii-japanese-offensive/1942-January-15-abda-japanese-octopus/1942-march-1-battle-bawean-island.html,Coast of Kormandorski Islands,Naval Battle,"55, 167",55,167,The Battle of the Komandorski Islands,1943_03_26,NA,Allied navy prevented Japanese reinforcements of the Aleutian Islands,https://www.history.navy.mil/content/history/museums/nmusn/explore/photography/wwii/wwii-pacific/aleutian-islands-campaign/battle-komandorski-islands.html,,
Christmas Island ,Land battle,"-10.49861, 105.61157",-10.49861,105.61157,The japanese invasion of Christmas Island ,1942_03_31,NA,Japan occupies Chrismas Island,https://christmasislandarchives.com/invasion-christmas-island-japanese/,New Guinea,Land Battle,"-6.72393, 146.99089",-6.72393,146.99089,Salamaua–Lae Campaign,1943_04_22,1943_09_16,"Allied victory, but not enough to drive the Japanese off New Guinea",https://www.history.navy.mil/content/history/nhhc/research/library/online-reading-room/title-list-alphabetically/e/early-raids-pacific-ocean.html,,
Indian Ocean ,Naval Battle,"4.03961, 84.59472",4.03961,84.59472,Japanese Indian Ocean raid ,1942_03_31,1942_04_10,Japanese vicory,"Francis Pike, Hirohito's war : the Pacific war, 1941-1945, Paperback ed. ed. (London, UK ;New York, NY, USA: Bloomsbury Publishing Plc, 2016). P. 339-341",Attu Island,Land Battle,"52.8523017,172.8471896",52.8523017,172.8471896,The Battle for Attu Island,1943_05_11,1943_05_29,Allied victory,https://www.history.navy.mil/content/history/museums/nmusn/explore/photography/wwii/wwii-pacific/aleutian-islands-campaign/battle-of-attu.html,,
Tokyo ,Air Attack,"35.71975, 139.80651",35.71975,139.80651,"The Doolittle Raid, American bombers over Tokyo",1942_04_18,NA,"The first US bombing of Kyushu, the main Japanese Island",https://www.history.navy.mil/content/history/museums/nmusn/explore/photography/wwii/wwii-pacific/turning-the-japanese-tide/1942-april-18-doolittle-raid-on-japan.html,Solomon Islands,Land Battle,"-8.1911, 157.2686",-8.1911,157.2686,New Georgia Campaign,1943_06_30,1943_10_07,Allied forces drove Japanese troops off Vella Lavella,https://www.history.navy.mil/content/history/museums/nmusn/explore/photography/wwii/wwii-pacific/south-southwestern-pacific/new-georgia-campaign.html,,
Tulagi,Land battle,"-9.05463, 160.15869",-9.05463,160.15869,The Japanese invasion of Tulagi,1942_05_03,1942_05_04,Japanese occupation of Tulagi,"Francis Pike, Hirohito's war : the Pacific war, 1941-1945, Paperback ed. ed. (London, UK ;New York, NY, USA: Bloomsbury Publishing Plc, 2016). P. 371-372",Kula Gulf,Naval Battle,"-8.14328, 156.94365",-8.14328,156.94365,Battle of Kula Gulf,1943_07_05,1943_07_06,Inconclusive results ,https://www.history.navy.mil/content/history/museums/nmusn/explore/photography/wwii/wwii-pacific/south-southwestern-pacific/new-georgia-campaign/battle-kula-gulf.html,,
the Philippines,Land battle,"14.38072, 120.58259",14.38072,120.58259,The battle of Corregidor,1942_05_05,1942_05_06,The final part of the japanese conquest of the Philippines,http://malacanang.gov.ph/75587-fall-of-corregidor/,Solomon Sea,Naval Battle,"-7.83333, 157.35",-7.83333,157.35,Battle of Kolombangara,1943_07_12,1943_07_13,Inconclusive results ,https://www.history.navy.mil/content/history/museums/nmusn/explore/photography/wwii/wwii-pacific/south-southwestern-pacific/new-georgia-campaign/battle-kolombangara.html,,
Coral Sea,Naval Battle,"-14.09395, 156.62109",-14.09395,156.62109,The Battle of the Coral Sea,1942_05_04,1942_05_08,Allied navy turned back a Japanese invasion force,https://www.history.navy.mil/content/history/museums/nmusn/explore/photography/wwii/wwii-pacific/turning-the-japanese-tide/1942-may-battle-of-the-coral-sea.html,Vella Gulf,Naval Battle,"-7.90147, 156.83532",-7.90147,156.83532,Batlle of Vella Gulf,1943_08_06,1943_08_07,Allied navies sank 3 destroyers,https://www.history.navy.mil/content/history/museums/nmusn/explore/photography/wwii/wwii-pacific/south-southwestern-pacific/new-georgia-campaign/battle-vella-gulf.html,,
Aleutian Islands,Air/Naval Battle,"53.89561, -166.53435",53.89561,-166.53435,Air and naval battle around Dutch Harbor,1942_06_03,1942_06_04,Japanese occupation of Kiska and Attu Island,https://www.history.navy.mil/content/history/museums/nmusn/explore/photography/wwii/wwii-pacific/aleutian-islands-campaign/dutch-harbor-alaska-attack.html,Vella lavella,Land Battle,"-7.73333, 156.63333",-7.73333,156.63333,Battle of Vella Lavella,1943_08_15,1943_10_07,Allied victory,https://www.britannica.com/event/World-War-II/Casablanca-and-Trident-January-May-1943#ref512099,,
Midway,Naval Battle,"28.2072586,-177.3748544",28.2072586,-177.3748544,Battle for Naval Supremacy in the Pacific Ocean,1942_06_04,1942_06_07,The Japanese carrier fleet was decimated resulting in allied naval supremacy,https://www.history.navy.mil/content/history/museums/nmusn/explore/photography/wwii/wwii-pacific/turning-the-japanese-tide/1942-june-battle-of-midway.html,Solomon Sea,Naval Battle,"-7.49319, 156.55242",-7.49319,156.55242,Battle of Horaniu,1943_08_17,NA,Inconclusive results ,https://www.history.navy.mil/content/history/nhhc/about-us/leadership/director/directors-corner/h-grams/h-gram-022/h-022-5.html,,
,,,,,,,,,,Aleution Islands,Land Battle,"51.88453, 177.28864",51.88453,177.28864,Operation Cottage,1943_08_15,NA,Allied victory,https://ndupress.ndu.edu/JFQ/Joint-Force-Quarterly-76/Article/577595/operation-cottage-a-cautionary-tale-of-assumption-and-perceptual-bias/,,
,,,,,,,,,,New Guinea,Land Battle,"-5.83333, 146.11666",-5.83333,146.11666,Finisterre Range Campaign ,1943_09_19,1944_04_26,Allied victory,https://www.awm.gov.au/collection/E84666,,
,,,,,,,,,,New Guinea,Land Battle,"-6.41666, 147.5",-6.41666,147.5,Huon Peninsula Campaign ,1943_09_22,1944_12_09,Allied victory,https://anzacportal.dva.gov.au/resources/huon-peninsula-1943-1944,,
,,,,,,,,,,Vella lavella,Naval Battle,"-7.52587, 156.71722",-7.52587,156.71722,Battle of Vella Lavella,1943_10_06,1943_10_07,Allied victory,https://www.history.navy.mil/content/history/museums/nmusn/explore/photography/wwii/wwii-pacific/south-southwestern-pacific/new-georgia-campaign/battle-vella-lavella.html,,
,,,,,,,,,,Treasury Islands,Land Battle,"-7.35292, 155.54702",-7.35292,155.54702,Battle of the Treasury Islands ,1943_10_27,1943_11_07,Allied victory,https://nzhistory.govt.nz/first-opposed-new-zealand-landing-since-gallipoli,,
,,,,,,,,,,Solomon Islands,Land Battle,"-7.05014, 156.95114",-7.05014,156.95114,Raid on Choiseul ,1943_10_28,1943_11_03,Succesful diversionary attacks by allied forces,"Francis Pike, Hirohito's war : the Pacific war, 1941-1945, Paperback ed. ed. (London, UK ;New York, NY, USA: Bloomsbury Publishing Plc, 2016). P. 672",,
,,,,,,,,,,Bouganville Island,Land Battle,"-6.37539, 155.38071",-6.37539,155.38071,Bougainville Campaign,1943_11_01,1945_08_01,"Allied control of the area surronding Rabaul, New Britain",https://www.history.navy.mil/content/history/museums/nmusn/explore/photography/wwii/wwii-pacific/south-southwestern-pacific/bougainville-campaign.html,,
,,,,,,,,,,New Guinea,Airial Attack,"-4.19616, 152.17296",-4.19616,152.17296,Bombing of Rabaul ,1943_11_02,1943_11_11,Allied airial bombardment of Rabaul ,https://www.history.navy.mil/browse-by-topic/wars-conflicts-and-operations/world-war-ii/1943/beyond-guadalcanal/rabaul-strikes.html,,
,,,,,,,,,,Empress Augusta Bay,Naval Battle,"-6.3841, 155.16699",-6.3841,155.16699,Battle of Empress Augusta Bay,1943_11_01,1943_11_02,Allied naval victory,https://www.history.navy.mil/content/history/museums/nmusn/explore/photography/wwii/wwii-pacific/south-southwestern-pacific/bougainville-campaign/battle-empress-augusta-bay.html,,
,,,,,,,,,,Makin,Land Battle,"3.06072, 172.77516",3.06072,172.77516,Battle of Makin ,1943_11_20,1943_11_24,Allied occupation of Makin Atoll,https://www.history.navy.mil/content/history/museums/nmusn/explore/photography/wwii/wwii-pacific/gilbert-marshall-islands-campaign/invasion-gilbert-islands/makin-island.html,,
,,,,,,,,,,Tarawa,Land Battle,"1.35, 172.93333",1.35,172.93333,Battle of Tarawa ,1943_11_20,1943_11_23,Costly allied landing ending in victory,https://www.history.navy.mil/content/history/museums/nmusn/explore/photography/wwii/wwii-pacific/gilbert-marshall-islands-campaign/invasion-gilbert-islands/tarawa-atoll-betio.html,,
,,,,,,,,,,New Guinea,Naval Battle,"-4.97056, 153.7207",-4.97056,153.7207,Battle of Cape St. George ,1943_11_25,NA,Allied navies stopped the reinforcement of Bougainville,https://www.history.navy.mil/content/history/museums/nmusn/explore/photography/wwii/wwii-pacific/south-southwestern-pacific/bougainville-campaign/battle-cape-st-george.html,,
,,,,,,,,,,New Guinea,Land Battle,"-6.15693, 149.03692",-6.15693,149.03692,Battle of Arawe (Allied forces),1943_12_15,NA,Succesful Allied distraction attack ,https://www.britannica.com/event/World-War-II/The-war-in-the-Pacific-October-1943-August-1944,,
,,,,,,,,,,New Guinea,Land Battle,"-5.45, 148.41666",-5.45,148.41666,Battle of Cape Gloucester ,1943_12_26,1944_04,Allied capture of Cape Gloucester,https://www.history.navy.mil/content/history/museums/nmusn/explore/photography/wwii/wwii-pacific/south-southwestern-pacific/new-britain-campaign/battle-cape-gloucester.html,,
,,,,,,,,,,Saidor,Land Battle,"-5.62909, 146.46668",-5.62909,146.46668,Landing at Saidor,1944_01_02,NA,Allied forces land unopposed at Saidor,https://www.awm.gov.au/collection/F01723,,
,,,,,,,,,,Green Islands,Land Battle,"-4.5, 154.16667",-4.5,154.16667,Battle of the Green Islands ,1944_01_29,1944_02,Allied forces withdrew from the Green Islands,https://www.usni.org/magazines/naval-history-magazine/2020/june/raiders-green-islands,,
,,,,,,,,,,Kwajalein,Land Battle,"9.18982, 167.42429",9.18982,167.42429,Battle of Kwajalein ,1944_01_31,1944_02_07,Allied victory,https://www.history.navy.mil/content/history/museums/nmusn/explore/photography/wwii/wwii-pacific/gilbert-marshall-islands-campaign/invasion-marshall-islands/invasion-kwajalein-atolls.html,,
,,,,,,,,,,Myanmar,Land Battle,"20.93333, 92.45",20.93333,92.45,Battle of the Admin Box ,1944_02,1944_02,Allied victory due to having troops resupplied by air,https://www.awmlondon.gov.au/battles/imphal,,
,,,,,,,,,,Enitwok,Land Battle,"11.34036, 162.32746",11.34036,162.32746,Battle of Eniwetok ,1944_02_17,1944_02_22,Allied victory,https://www.history.navy.mil/content/history/museums/nmusn/explore/photography/wwii/wwii-pacific/gilbert-marshall-islands-campaign/invasion-marshall-islands/invasion-eniwetok-atoll.html,,
,,,,,,,,,,Caroline Islands,Land_air_Naval,"7.37404, 151.75827",7.37404,151.75827,Operation Hailstone ,1944_02_17,1944_02_18,Allied victory,https://www.history.navy.mil/content/history/nhhc/about-us/leadership/director/directors-corner/h-grams/h-gram-026/H-026-3.html,,
,,,,,,,,,,Admiralty Islands,Land Battle,"-2.09411, 146.87609",-2.09411,146.87609,Admiralty Islands Campaign ,1944_02_29,NA,Allied control of the Admiralty Islands,https://www.history.navy.mil/browse-by-topic/wars-conflicts-and-operations/world-war-ii/1944/admiralty-islands.html,,
,,,,,,,,,,India,Land Battle,"24.78776, 93.941",24.78776,93.941,Battle of Imphal,1944_03_08,1944_07_18,Allied victory,https://www.nam.ac.uk/explore/battle-imphal,,
,,,,,,,,,,India,Land Battle,"24.84656, 94.41787",24.84656,94.41787,Battle of Sangshak,1944_03_19,1944_03_26,Allied victory,https://www.paradata.org.uk/event/sangshak,,
,,,,,,,,,,India,Land Battle,"25.66839, 94.11551",25.66839,94.11551,Battle of Kohima ,1944_03_08,1944_07_18,Allied defensive victory,https://www.nam.ac.uk/explore/battle-imphal,,
,,,,,,,,,,Sabang Island,Air Attack,"5.88102, 95.30912",5.88102,95.30912,Operation Cockpit ,1944_04_19,NA,Allied air bombardment of Sabang,https://discovery.nationalarchives.gov.uk/details/r/C1245117,,
,,,,,,,,,,New Guinea,Land Battle,"-2.54319, 140.715",-2.54319,140.715,Operation Reckless ,1944_04_16,NA,Allied victory,https://www.history.navy.mil/browse-by-topic/wars-conflicts-and-operations/world-war-ii/1944/reckless-and-persecution.html,,
,,,,,,,,,,New Guinea,Land Battle,"-3.14187, 142.3462",-3.14187,142.3462,Operation Persecution ,1944_04_16,NA,Allied victory,https://www.history.navy.mil/browse-by-topic/wars-conflicts-and-operations/world-war-ii/1944/reckless-and-persecution.html,,
,,,,,,,,,,New Guinea,Land Battle,"-1.93803, 139.01275",-1.93803,139.01275,Battle of Wakde,1944_05_17,NA,Allied control of Wakde,https://www.history.navy.mil/content/history/nhhc/research/library/online-reading-room/title-list-alphabetically/s/seventh-amphibious-force-command-history1945.html,,
,,,,,,,,,,Java,Air Attack,"-7.28724, 112.73904",-7.28724,112.73904,Operation Transom ,1944_05_17,NA,Inconclusive results ,https://www.iwm.org.uk/collections/item/object/1060020408,,
,,,,,,,,,,New Guinea,Land Battle,"-1.17292, 136.0567",-1.17292,136.0567,Battle of Biak ,1944_05_27,NA,Allied victory,"Francis Pike, Hirohito's war : the Pacific war, 1941-1945, Paperback ed. ed. (London, UK ;New York, NY, USA: Bloomsbury Publishing Plc, 2016). P. 805-808",,
,,,,,,,,,,Saipan,Land battle,"15.1795, 145.75561",15.1795,145.75561,Battle of Saipan ,1944_06_15,1944_07_09,Allied victory tough they met heavy ressistance ,https://www.history.navy.mil/content/history/museums/nmusn/explore/photography/wwii/wwii-pacific/mariana-islands/saipan.html,,
,,,,,,,,,,Phillipine Sea,Naval Battle,"12.94032, 140.91064",12.94032,140.91064,Battle of the Philippine Sea ,1944_06_19,1944_06_20,"Known as ""the Marianas Turkey Shoot"", the allies won a major victory",https://www.history.navy.mil/content/history/museums/nmusn/explore/photography/wwii/wwii-pacific/mariana-islands/philippine-sea.html,,
,,,,,,,,,,Noemfoor,Land battle,"-1, 134.86666",-1, 134.86666,Allied landing on Noemfoor,1944_07_02,1944_08_31,Allied forces gained control of Noemfoor,"Francis Pike, Hirohito's war : the Pacific war, 1941-1945, Paperback ed. ed. (London, UK ;New York, NY, USA: Bloomsbury Publishing Plc, 2016). P. 809-810",,
,,,,,,,,,,New Guinea,Land battle,"-3.25774, 142.5682",-3.25774,142.5682,Battle of Driniumor River ,1944_07_10,1944_08_25,Allied defensive victory,"Francis Pike, Hirohito's war : the Pacific war, 1941-1945, Paperback ed. ed. (London, UK ;New York, NY, USA: Bloomsbury Publishing Plc, 2016). P. 810-811",,
,,,,,,,,,,Guam,Land battle,"13.36289, 144.7229",13.36289,144.7229,Invasion of Guam,1944_07_21,1944_08_10,"Allied Victory, Resulted in seizure of Guam",https://www.history.navy.mil/content/history/museums/nmusn/explore/photography/wwii/wwii-pacific/mariana-islands/guam.html,,
,,,,,,,,,,Tinian,Land battle,"14.99999, 145.633",14.99999,145.633,Battle of Tinian ,1944_07_24,1944_08_01,"Allied Victory, many japanese soldiers refused to surrender and comitted large scale suicide",https://www.history.navy.mil/content/history/museums/nmusn/explore/photography/wwii/wwii-pacific/mariana-islands/tinian.html,,
,,,,,,,,,,Peleliu,Land battle,"7.436, 134.55779",7.436,134.55779,Battle of Peleliu ,1944_09_15,NA,Very costly allied victory,"Francis Pike, Hirohito's war : the Pacific war, 1941-1945, Paperback ed. ed. (London, UK ;New York, NY, USA: Bloomsbury Publishing Plc, 2016). P. 905-90",,
,,,,,,,,,,Morotai,Land battle,"2.31666, 128.53333",2.31666,128.53333,Battle of Morotai,1944_09_15,1944_10_04,Allied forces captured Morotai,"Francis Pike, Hirohito's war : the Pacific war, 1941-1945, Paperback ed. ed. (London, UK ;New York, NY, USA: Bloomsbury Publishing Plc, 2016). P. 812",,
,,,,,,,,,,Anagur,Land battle,"6.9075, 134.135",6.9075,134.135,Battle of Angaur ,1944_09_17,NA,NA,https://www.history.navy.mil/content/history/museums/nmusn/explore/photography/wwii/wwii-pacific/chronological-list-naval-battles-land-campaigns/pacific-land-campaigns.html,,
,,,,,,,,,,The Phillipines,Land battle,"11.03016, 124.58496",11.03016,124.58496,Battle of Leyte ,1944_10_20,NA,"Allied landing on Leyte, not opposed by land troops, only air harrasment",https://www.history.navy.mil/content/history/museums/nmusn/explore/photography/wwii/wwii-pacific/leyte/leyte-invasion.html,,
,,,,,,,,,,Leyte Gulf,Naval Battle,"10.8098766,125.0905514",10.8098766,125.0905514,Battle of Leyte Gulf,1944_10_23,1944_10_26,"Allied Victory, ended Japans ability to use their navy offensively",https://www.history.navy.mil/content/history/museums/nmusn/explore/photography/wwii/wwii-pacific/leyte.html,,
,,,,,,,,,,The Phillipine sea,Naval Battle,"11.34002, 126.02966",11.34002,126.02966,Battle off Samar ,1944_10_25,NA,"Japanese naval ambush against american cruisers, the battle was inconclusive",https://www.history.navy.mil/content/history/museums/nmusn/explore/photography/wwii/wwii-pacific/leyte/samar.html,,
,,,,,,,,,,the Philippines,Land battle,"-3.67789, 143.31665",-3.67789,143.31665,Aitape-Wewak Campaign ,1944_11_01,1945_08_31,"Allied Victory, resulting in reconquest og New guinea",https://www.awm.gov.au/collection/E84658,,
,,,,,,,,,,the Philippines,Air/Naval Battle,"10.82251, 124.61792",10.82251,124.61792,Battle of Ormoc Bay ,1944_11_11,1944_12_21,"Allied Victory, secured leyte gulf",https://www.history.navy.mil/content/history/nhhc/about-us/leadership/director/directors-corner/h-grams/h-gram-040/h-040-2.html,,
,,,,,,,,,,the Philippines,Land battle,"14.66596, 121.09817",14.66596,121.09817,Battle of Luzon,1945_01_09,NA,"Allied Victory, invasion of the main island in the Phillipines",https://www.history.navy.mil/content/history/museums/nmusn/explore/photography/wwii/wwii-pacific/chronological-list-naval-battles-land-campaigns/pacific-land-campaigns.html,,
,,,,,,,,,,the Philippines,Naval Battle,"16.00955, 120.21665",16.00955,120.21665,Invasion of Lingayen Gulf ,1945_01_09,NA,Allied Victory,https://www.history.navy.mil/about-us/leadership/director/directors-corner/h-grams/h-gram-040/h-040-3.html,,
,,,,,,,,,,Sumatra,Air Attack,"-2.99103, 104.7574",-2.99103,104.7574,Operation Meridian,1945_01_24,NA,Allied Victory,https://www.navyhistory.org.au/operation-meridian-palembang-oil-refineries-1945/2/,,
,,,,,,,,,,Manilla,Land Battle,"14.60103, 120.97616",14.60103,120.97616,Battle of Manila ,1945_02_03,1945_03_03,"Allied Victory, over a 100000 casualties",https://www.officialgazette.gov.ph/featured/battle-of-manila/,,
,,,,,,,,,,Iwo Jima,Land Battle,"24.7789903,141.2809728",24.7789903,141.2809728,Seizure of Iwo Jima,1945_02_01,1945_03_01,Allied victory resulted in seizure of Iwo Jima,https://www.history.navy.mil/content/history/museums/nmusn/explore/photography/wwii/wwii-pacific/iwo-jima.html,,
,,,,,,,,,,the Philippines,Land Battle ,"7.85568, 124.86241",7.85568,124.86241,Battle of Mindanao,1945_03_10,NA,"Allied victory, resulted in seizure of second largest island in the phillipines Mindanao",https://www.britannica.com/topic/Pacific-War/The-war-against-Japan-1945#ref337322,,
,,,,,,,,,,Okinawa,Land Batlle,"26.35249, 127.82592",26.35249,127.82592,Battle of Okinawa,1945_04_01,1945_06_21,"Allied victory, resulted in the seizure of okinawa, setting up for the invasion of japan",https://www.history.navy.mil/content/history/museums/nmusn/explore/photography/wwii/wwii-pacific/okinawa.html,,
,,,,,,,,,,Near Toshima island,Naval Battle,"30.00489, 129.66888",30.00489,129.66888,Operation Ten-Go,1945_04_06,1945_06_22,Last japanese naval offensive in an attempt to drive the allies from Okinawa 1900 kamikaze attacks were made backed up by the japanese fleet,https://www.history.navy.mil/content/history/museums/nmusn/explore/photography/wwii/wwii-pacific/okinawa/operation-ten-go.html,,
,,,,,,,,,,Borneo,Land Battle ,"3.36674, 117.56607",3.36674,117.56607,Battle of Tarakan,1945_05_01,NA,Allied victory,https://www.awm.gov.au/collection/PL1939,,
,,,,,,,,,,Borneo,Land Battle ,"4.53261, 114.62036",4.53261,114.62036,Operation Oboe Six,1945_06_10,1945_08_15,Allied victory 1 of the operation leading to the eventual reconquest of Borneo,https://www.navy.gov.au/history/feature-histories/borneo-1945-amphibious-success-story,,
,,,,,,,,,,Saipan,Land Battle,"15.1931853,145.6903454",15.1931853,145.6903454,Battle of Saipan,1945_06_15,1945_07_09,"Allied victory resulting in the seizure of saipan, allowing the us to launch bombing planes that could reach tokyo",https://www.history.navy.mil/browse-by-topic/wars-conflicts-and-operations/world-war-ii/1944/saipan.html,,
,,,,,,,,,,Borneo,Land Battle ,"5.3, 115.34",5.3,115.34,Battle of North Borneo,1945_06_10,1945_08_15,Allied victory,"Dean, Peter. Australia 1944–45: Victory in the Pacific. Melbourne: Cambridge University Press, 2015. S. 300",,
,,,,,,,,,,Borneo,Land Battle,"-1.28099, 116.834",-1.28099,116.834,Battle of Balikpapan ,1945_07_1,1945_07_21,Allied victory resulting in seizure of oil reserves from the japanese,"Dean, Peter. Australia 1944–45: Victory in the Pacific. Melbourne: Cambridge University Press, 2015. S. 320",,
,,,,,,,,,,Hiroshima,Atomic Bomb,"34.5654945,132.1930568",34.5654945,132.1930568,Nuclear bomb dropped on Hiroshima,1945_08_06,NA,Resulted in thouasands of deaths,https://www.britannica.com/event/atomic-bombings-of-Hiroshima-and-Nagasaki,,
,,,,,,,,,,Nagasaki,Atomic Bomb,"32.7606327,129.857566",32.7606327,129.857566,Nuclear bomb dropped on Nagasaki ,1945_08_09,NA,Resulted in thouasands of deaths,https://www.britannica.com/event/atomic-bombings-of-Hiroshima-and-Nagasaki,,
,,,,,,,,,,Manchuria,Land Invasion,"45.80326, 126.53524",45.80326,126.53524,Soviet Invasion of Manchuria,1945_08_9,1945_08_20,Resulted in Russia entering the Pacific war,https://www.britannica.com/place/Manchuria/Manchuria-since-c-1900,,
,,,,,,,,,,Tokyo bay,Surrender,"35.5186276,139.8344724",35.3687084,139.5941464,Japananese surrender,1945_09_02,NA,End of WW2,https://www.britannica.com/topic/Pacific-War/The-Japanese-surrender,,
,,,,,,,,,,,,,,,,,,,,,
,,,,,,,,,,,,,,,,,,,,,
,,,,,,,,,,,,,,,,,,,,,
,,,,,,,,,,,,,,,,,,,,,
,,,,,,,,,,,,,,,,,,,,,
,,,,,,,,,,,,,,,,,,,,,
,,,,,,,,,,,,,,,,,,,,,
,,,,,,,,,,,,,,,,,,,,,
,,,,,,,,,,,,,,,,,,,,,
,,,,,,,,,,,,,,,,,,,,,
,,,,,,,,,,,,,,,,,,,,,
,,,,,,,,,,,,,,,,,,,,,
,,,,,,,,,,,,,,,,,,,,,
,,,,,,,,,,,,,,,,,,,,,
,,,,,,,,,,,,,,,,,,,,,
,,,,,,,,,,,,,,,,,,,,,
,,,,,,,,,,,,,,,,,,,,,
,,,,,,,,,,,,,,,,,,,,,
,,,,,,,,,,,,,,,,,,,,,
,,,,,,,,,,,,,,,,,,,,,
,,,,,,,,,,,,,,,,,,,,,
,,,,,,,,,,,,,,,,,,,,,
,,,,,,,,,,,,,,,,,,,,,
,,,,,,,,,,,,,,,,,,,,,
,,,,,,,,,,,,,,,,,,,,,
,,,,,,,,,,,,,,,,,,,,,
,,,,,,,,,,,,,,,,,,,,,
,,,,,,,,,,,,,,,,,,,,,
,,,,,,,,,,,,,,,,,,,,,
,,,,,,,,,,,,,,,,,,,,,
,,,,,,,,,,,,,,,,,,,,,
,,,,,,,,,,,,,,,,,,,,,
,,,,,,,,,,,,,,,,,,,,,
,,,,,,,,,,,,,,,,,,,,,
,,,,,,,,,,,,,,,,,,,,,
,,,,,,,,,,,,,,,,,,,,,
,,,,,,,,,,,,,,,,,,,,,
,,,,,,,,,,,,,,,,,,,,,
,,,,,,,,,,,,,,,,,,,,,
DP_Latitude,Dp_Longitude,,,,,,,,,,,,,,,,,,,,
24.78776,93.941,,,,,,,,,,,,,,,,,,,,
19.7168,93.90626,,,,,,,,,,,,,,,,,,,,
13.7368,100.5606,,,,,,,,,,,,,,,,,,,,
5.88102,95.30912,,,,,,,,,,,,,,,,,,,,
-2.99103,104.7574,,,,,,,,,,,,,,,,,,,,
-5.86925,106.20514,,,,,,,,,,,,,,,,,,,,
-7.61452,110.71224,,,,,,,,,,,,,,,,,,,,
-8.63577,115.41881,,,,,,,,,,,,,,,,,,,,
-9.86279,124.33103,,,,,,,,,,,,,,,,,,,,
-2.54319,140.715,,,,,,,,,,,,,,,,,,,,
-8.88557,147.7402,,,,,,,,,,,,,,,,,,,,
-6.72393,146.99089,,,,,,,,,,,,,,,,,,,,
-9.49985,160.31112,,,,,,,,,,,,,,,,,,,,